id,text,author_id,created_at,user_name
1538489973900423168,"Udemy Free Discount - Javascript Tutorial and Projects Course #udemycoupon https://t.co/iGkXFfkGsN

#webdevelopment #javascript30 #angular7 #React #PHP #css3 #Nodejs #HTML5 #WordPress #vuejs #Redux #Django #Python #bootstrap4 #MongoDB #Laravel #100DaysOfCode https://t.co/RrRlsZlaKi",1112746419809452032,2022-06-19T11:52:48.000Z,Newcoupon01
1538489942225354752,"Frontend Development:
HTML: 3 hours
CSS: 5 hours
JavaScript: 6 hours
Selection of font: 23 hours
Center a div: 7 years
#MachineLearning #Python #RStats #TensorFlow #JavaScript #ReactJS #CloudComputing #Serverless #DataScientist #Linux #Programming #Coding #100DaysofCode",1465541925918941184,2022-06-19T11:52:40.000Z,farazyaseen55
1538489536288006145,"Redis: The Complete Developer's Guide

https://t.co/5vyZl23e2a

#BigData #database #developers #ReactJS #Redux #Engineering #Analytics #DataScience #IoT #IIoT #PyTorch #Python #RStats #Java #JavaScript #CloudComputing #Serverless #DataScientist #Coding #100DaysOfCode #udemy https://t.co/HkYzW3Swtn",1300242863263870976,2022-06-19T11:51:03.000Z,CodingPseudo
1538489521104461828,"#Hiring?
Sign up now https://t.co/o7lVlsl75X
FREE. NO MIDDLEMAN
#ArtificialIntelligence #MachineLearning #Python #DataScience #innovation #IoT #Industry40 #DigitalMarketing #CyberSecurity #coding #NodeJS #javascript #django #100DaysOfCode #Tech #programming #Job #Bitcoin #HR #AI https://t.co/cqoUpzd18A",1332714745871421443,2022-06-19T11:51:00.000Z,JobPreference
1538489309342359553,"""Well done is better than well said.""- Benjamin Franklin #softwareengineer #javascript #python #C++ #golang #nodejs #reactjs #stockopertor #highgrowthstocks $SPX $QQQ $RUT $VIX #canslim #100DaysOfCode",1243665419501744133,2022-06-19T11:50:09.000Z,glitchbotio
1538489058581954560,"#Python Pattern Program

#day105 of #365daysofcode with @scaler_official 

#scalerdiscord #Coding #100DaysOfCode https://t.co/Mvwcuny4F8",1499265406980476928,2022-06-19T11:49:09.000Z,AvnishBharadva8
1538489033541701633,"We ensure professionalism in the work allocated:
‚úìCoursework  
‚úìSpring class
‚úìEssay due
‚úìPay Math
‚úìPay Paper
‚úìHomework
‚úìOnline Class
‚úìPay Assignment
‚úìStatistics
‚úìTerm Paper
‚úìAccounting
‚úìBiology
‚úìChemistry
#100DaysOfCode .
#Python
DM us https://t.co/HhHYc5o54R",1347989588976005121,2022-06-19T11:49:03.000Z,Onlinewriter_1
1538488826762604545,"We ensure professionalism in the work allocated:
‚úìCoursework  
‚úìSpring class
‚úìEssay due
‚úìPay Math
‚úìPay Paper
‚úìHomework
‚úìOnline Class
‚úìPay Assignment
‚úìStatistics
‚úìTerm Paper
‚úìAccounting
‚úìBiology
‚úìChemistry
#100DaysOfCode .
#Python
DM us @elegant_write",1300355966488260609,2022-06-19T11:48:14.000Z,elegant_write
1538488801496305664,"https://t.co/87X1mwxA8k

#healthTech
#dataScientist #MWC22 #AI
#DES2022 #DiGiTALhealth
#CX #WOMEN #eHealth
#CES2023 #finServ #bigdata #inSurTech #100daysOfCode #javaScript #flutter #linux #TRAVELtech #FRENCHtech #fashionTECh #CLOUd #SOciaLmediA
#VivaTech2022

@BetaMoroney
@enilev",737142202481016832,2022-06-19T11:48:08.000Z,chidambara09
1538488705371017216,"Learn to Program with Python 3: A Step-by-Step Guide to Programming
#100daysofcode #objectorienteddesign #python3 #coding #pythonprogramming #beginning #microsoftprogramming
https://t.co/2PvZzMKznn",1528856711725031425,2022-06-19T11:47:45.000Z,corpus_news
1538488625519894530,"We ensure professionalism in the work allocated:
‚úìCoursework  
‚úìSpring class
‚úìEssay due
‚úìPay Math
‚úìPay Paper
‚úìHomework
‚úìOnline Class
‚úìPay Assignment
‚úìStatistics
‚úìTerm Paper
‚úìAccounting
‚úìBiology
‚úìChemistry
#100DaysOfCode .
#Python 

DM @GeniusEssayWri1",1483108258529357832,2022-06-19T11:47:26.000Z,GeniusEssayWri1
1538488538450341888,"We are legit to offer you A grade in your
‚úìnursing
‚úìessays
‚úìchemistry
‚úìfinance
‚úìphysics
‚úìbiology.
‚úìphysi
‚úìchemistry
‚úìalgebra
‚úìcalculus
‚úìhomework
‚úìessay pay
‚úìessays 
Assignment due 
#100DaysOfCode
#WomenWhoCode
#javascript
#Python

DM @GeniusEssayWri1",1483108258529357832,2022-06-19T11:47:05.000Z,GeniusEssayWri1
1538487543758561280,Deposit and withdrawal statements #day11ofcode #100DaysOfCode  #iamakirachix #codeHive2022 #Python https://t.co/NruxhxFtFE,1533132308668112897,2022-06-19T11:43:08.000Z,wanjira_whitney
1538487395049431040,"We ensure professionalism in the work allocated:
‚úìCoursework  ......
‚úìSpring class
‚úìEssay due
‚úìPay Math
‚úìPay Paper
‚úìHomework
‚úìOnline Class
‚úìPay Assignment
‚úìStatistics
‚úìTerm Paper
‚úìAccounting
‚úìBiology
‚úìChemistry
#100DaysOfCode .
#Python..
DM us
https://t.co/HhHYc5o54R",1347989588976005121,2022-06-19T11:42:33.000Z,Onlinewriter_1
1538487308026101761,I continued with the withdraw process #day10ofcode #100DaysOfCode  #iamakirachix #codeHive2022 #Python https://t.co/3gQQtVvQQ4,1533132308668112897,2022-06-19T11:42:12.000Z,wanjira_whitney
1538487256150953988,"#Hiring?
Sign up now https://t.co/o7lVlsl75X
FREE. NO MIDDLEMAN
#ArtificialIntelligence #MachineLearning #Python #DataScience #innovation #IoT #Industry40 #DigitalMarketing #CyberSecurity #coding #NodeJS #javascript #django #100DaysOfCode #Tech #programming #Job #Bitcoin #HR #AI https://t.co/ylMgzDBWHM",1332714745871421443,2022-06-19T11:42:00.000Z,JobPreference
1538487019491442689,"#Cloud Technology: #Business Appears Stronger Than The #Market Suggests

https://t.co/lhYbnifo8g

@datsyuklover @TunstallAsc @Pardoe_AI @Arnab132 @MargKnudsen

#AIEthics #Python #DeepLearning #IoT #100DaysOfCode
#Fintech #Insurtech #ArtificialIntelligence #DataScientist",243568454,2022-06-19T11:41:03.000Z,stratorob
1538486800129327105,"""You have the freedom to be yourself, your true self, here and now, and nothing can stand in your way.""- Richard Bach #softwareengineer #javascript #python #C++ #golang #nodejs #reactjs #stockopertor #highgrowthstocks $SPX $QQQ $RUT $VIX #canslim #100DaysOfCode",1243665419501744133,2022-06-19T11:40:11.000Z,glitchbotio
1538486686967021568,"Turning the promise of AI into a reality for everyone and every industry

#AI #BigData #Digital #Robot #Technology #Innovation #IoT
#Flutter #Coding #100DaysOfCode #Python #Javascript #NFT
#Marketing #Blockchain #TensorFlow #Web3 #Progamming

https://t.co/VdFI4fPuxU",711392625,2022-06-19T11:39:44.000Z,adem_onar
1538485381024387072,"#Crypto #Metaverse Crypto update: Bitcoin, Ether bounce off lows after record-breaking rout - Business Standard https://t.co/iTrDUqZW4y #crypto #MachineLearning #AI #Python #DeepLearning #100DaysOfCode #fintech #bitcoin #cybersecurity #NFTs",738752276836306944,2022-06-19T11:34:33.000Z,PDH_SciTechNews
1538485283867480064,"#Hiring?
Sign up now https://t.co/o7lVlsl75X
FREE. NO MIDDLEMAN
#ArtificialIntelligence #MachineLearning #Python #DataScience #innovation #IoT #Industry40 #DigitalMarketing #CyberSecurity #coding #NodeJS #javascript #django #100DaysOfCode #Tech #programming #Job #Bitcoin #HR #AI https://t.co/wCYv9kZxXu",1332714745871421443,2022-06-19T11:34:10.000Z,JobPreference
1538485228519424002,"We deliver unique work:
DM for value-based services  
 #Case study 
 #100DaysOfCode 
 #python 
 #Math
 #Math 
 #essaywrite
 #Case study 
 #homework
 #Econometrics 
 #Econometrics 
 #Essay help 
 #Paper pay 
dm 
@GeniusEssayWri1",1483108258529357832,2022-06-19T11:33:56.000Z,GeniusEssayWri1
1538485038450368513,"@adem_onar Thank you dear Adem for the retweet

#Leadership #innovation #development #Management #futureofwork #Tech #DataScience #BigData #Analytics #twitme #AI #digital #5G #Python #Flutter #Fintech #WomenInSTEM #JavaScript #Coding #bot #100DaysofCode",1403861754808049666,2022-06-19T11:33:11.000Z,Khulood_Almani
1538484983907622914,"We ensure professionalism in the work allocated:
‚úìCoursework  
‚úìSpring class
‚úìEssay due
‚úìPay Math
‚úìPay Paper
‚úìHomework
‚úìOnline Class
‚úìPay Assignment
‚úìStatistics
‚úìTerm Paper
‚úìAccounting
‚úìBiology
‚úìChemistry
#100DaysOfCode .
#Python
DM us @GeniusEssayWri1",1483108258529357832,2022-06-19T11:32:58.000Z,GeniusEssayWri1
1538484887178694657,"Quality help with your assignments.
write this essay
pay assignment
pay essay
research paper
pay history
someone write
essay due
pay term paper
math
homework help

#100DaysOfCode #WomenWhoCode #NodeJS #IoT #Python #javascript #code
Dm 
@GeniusEssayWri1",1483108258529357832,2022-06-19T11:32:35.000Z,GeniusEssayWri1
1538484744333434880,I completed Digital Forensics Concepts! Check out my certificate https://t.co/KEMqNTi9vQ #Coursera #linux #backdoor #hacking #hacker #hackers #hackerone #cybersecurity #ml #100daysofcode #cybersec  #privacy  #ubuntu #unix #android  #python #javaScript #web3 #Bitcoin #ETH #usa #uk https://t.co/Wprw70jKVB,1435066009677799424,2022-06-19T11:32:01.000Z,abhinav_singwal
1538484599122173954,"Turning the promise of #AI into a reality for everyone and every industry

https://t.co/i4XSFHd48B

#AI #BigData #Digital #Robot #Technology #Innovation #IoT
#Flutter #Coding #100DaysOfCode #Python #Javascript #NFT
#Marketing #Blockchain #TensorFlow #Web3 #Progamming",243568454,2022-06-19T11:31:26.000Z,stratorob
1538484256980205568,"Why #EthicalAI Lapses When No One Is Looking 
https://t.co/dAtL0i7cV6

#cryptocurrencies #MachineLearning #AI #Python #DeepLearning #100DaysOfCode #fintech #nocode #bitcoin #cybersecurity #cybersecurite #metaverse #NFTs #cryptocrash https://t.co/dsB7dtlNDw",1273173749492219905,2022-06-19T11:30:05.000Z,VeilleCyber3
1538484222607990787,"What are the Main Soft Skills You Need to Succeed?

by @Khulood_Almani 

#Leadership #innovation #development #Management #futureofwork #Tech #DataScience #BigData #Analytics #twitme #AI #digital #5G #Python #Flutter #Fintech #WomenInSTEM #JavaScript #Coding #bot #100DaysofCode https://t.co/tzsM6EoQwv",711392625,2022-06-19T11:29:56.000Z,adem_onar
1538484215356227585,"Check out my Gig on Fiverr: I will do 3 modern creative minimalist logo design https://t.co/5TYxbWBrAx 
#logo #design #Mufc #HJPatel #blogger #PyTorch #machinelearning #DataScience #Python #TensorFlow #JavaScript #ReactJS #Flutter #CloudComputing  #WomenWhoCode #100DaysOfCode",1519045274651754496,2022-06-19T11:29:55.000Z,JonyMah78
1538484186319040512,"Huh! Today's work.
#MachineLearning #DataScience #Cybersecurity #BigData #Analytics #AI #IIoT #Python #RStats #TensorFlow #JavaScript #ReactJS #CloudComputing #Serverless #DataScientist #Linux #Programming #Coding #100DaysofCode #NodeJS #golang #NLP #IoT https://t.co/bgT44VH7Zu",1465541925918941184,2022-06-19T11:29:48.000Z,farazyaseen55
1538484132489359362,"Day 4 - Python #100DaysOfCode 
Today learn about:
- Style Guide PEP8
- Formating Code Python
- Style Guide Statement
- Naming principles in python
- Python Conditions and If statements",1277979772006494215,2022-06-19T11:29:35.000Z,staryone_
1538483997709582336,"kwonly-transformer-Keyword ONLY Args ro #Python

#Python3 #100DaysOfCode #100daysofmlcode #MachineLearning #DataScience #pythonprogramming #pythonË©¶È®ì #pythonlearning #pythoncode #interview #jobhunting #job #Database #interview #Jobs #JobSearch #100daysofpython #code https://t.co/LrIA8cLBGx",2588345408,2022-06-19T11:29:03.000Z,rohanpaul_ai
1538483618678722565,"Python vs Js?
#MachineLearning #DataScience #Cybersecurity #BigData #Analytics #AI #IIoT #Python #RStats #TensorFlow #JavaScript #ReactJS #CloudComputing #Serverless #DataScientist #Linux #Programming #Coding #100DaysofCode #NodeJS #golang #NLP #IoT",1465541925918941184,2022-06-19T11:27:32.000Z,farazyaseen55
1538483136178405376,"Hit me up for all your essay dues 
essay due
finance
biology
coursework
articles
midterm exam
philosophy
calculus
paper pay
do my homework
online class
essay help
english
assignment
math
Homework 
#Python
#java
#100DaysOfCode
DM 
@GeniusEssayWri1",1483108258529357832,2022-06-19T11:25:37.000Z,GeniusEssayWri1
1538483113961181185,"Wish to connect with PYTHON programmers 
#100daysofcodechallenge 
#100DaysOfCode",1321737036680863744,2022-06-19T11:25:32.000Z,dim_christabel
1538482812411592705,"#Crypto #Metaverse Crypto Crash Latest Update 6/19: Bitcoin falls to $18,000; Ethereum price below $1000 now - The Financial Express https://t.co/FKCLmSMYqt #crypto #MachineLearning #AI #Python #DeepLearning #100DaysOfCode #fintech #bitcoin #cybersecurity #NFTs",738752276836306944,2022-06-19T11:24:20.000Z,PDH_SciTechNews
1538482772637011969,"üõåThis #Bed turns #Patients in Secondsüòé

#Healthtech #digitalhealth #innovation #TechForGood #technology #coding #100DaysOfCode #Bot #5G #DataScience #Bigdata #Python #javascript #Programming #flutter #TensorFlow #twitme #nodejs #WomenInSTEM #Marketing

https://t.co/HsTad3AD4b",1403861754808049666,2022-06-19T11:24:11.000Z,Khulood_Almani
1538482717091696640,"We deliver unique work üî™   
 üêì DM for value-based services  
 #python 
 #essaywrite 
 #Case study 
 #Case study
 #Homework  
 #homework
 #Philosophy  
 #Onlineclass
 #100DaysOfCode 
 #Homework  
 #Essaypay 
 #Econometrics 
 ‚ö†Ô∏è 
 üëî 

 https://t.co/MrEPSqHB5x",1343372118,2022-06-19T11:23:58.000Z,Asksteve2
1538482699492634624,"We are legit to offer you A grade in your
‚úìnursing
‚úìessays
‚úìchemistry
‚úìfinance
‚úìphysics
‚úìbiology.‚úì‚úìchemistry
‚úìalgebra
‚úìcalculus
‚úìhomework
‚úìessay pay
‚úìessays 
Assignment due 
#100DaysOfCode
#WomenWhoCode
#javascript
#Python
Kindly DM us
@GeniusEssayWri1",1483108258529357832,2022-06-19T11:23:53.000Z,GeniusEssayWri1
1538482598032334850,"We ensure professionalism in the work allocated:
‚úìCoursework  ......
‚úìSpring class
‚úìEssay due
‚úìPay Math
‚úìPay Paper
‚úìHomework
‚úìOnline Class
‚úìPay Assignment
‚úìStatistics
‚úìTerm Paper
‚úìAccounting
‚úìBiology
‚úìChemistry
#100DaysOfCode .
#Python..
DM us
@GeniusEssayWri1",1483108258529357832,2022-06-19T11:23:29.000Z,GeniusEssayWri1
1538482032254255105,"ACE that class with our Scholars
*Project
*Math
*Essay due
*Pay write
*English
*Paper pay
*Case study
*Quiz.. 
*Do my homework
*Online classes
*Python.
*Philosophy ...
*Assignment due
#100DaysOfCode
#javascript
@GeniusEssayWri1",1483108258529357832,2022-06-19T11:21:14.000Z,GeniusEssayWri1
1538481980098105344,"#AI‚Äôs Hold Over Humans Is Starting to Get Stronger

https://t.co/8xz8ndBNcR

#Edtech #Digital #DigitalHealth #AI #Robotics #DataScience
#BigData #Analytics #Innovation #Python #Flutter #JavaScript
#IoT #MachineLearning #Cloud #Blockchain #100DaysOfCode",243568454,2022-06-19T11:21:02.000Z,stratorob
1538481268429561856,"A minute read - #DataOps
https://t.co/nTHs573TRA
#minutearticle #womenintech #Datastructure #BigData #Analytics #DataAnalytics #Python #Java #javascript #opensource #serverless #100DaysOfCode #programming #coding #AI #MachineLearning #blog #blogging #blogger #business #DevOps",1267139487039197184,2022-06-19T11:18:12.000Z,MinuteArticle
1538481180911161345,"What Will It Take to #Decolonize #ArtificialIntelligence?
https://t.co/kLbM6X7vLI

#cryptocurrencies #MachineLearning #AI #Python #DeepLearning #100DaysOfCode #fintech #nocode #bitcoin #cybersecurity #cybersecurite #metaverse #NFTs #cryptocrash https://t.co/6cBFBulYol",1269107130776223745,2022-06-19T11:17:51.000Z,Grepnetics
1538480948500742144,"#FEATURED #COURSES
Complete #Python #Developer in 2022: Zero to Mastery
How to become a #Python3 Developer and get hired
Build 12+ projects
learn #Web #Development
#Machine #Learning + more
https://t.co/vRkg9EK8Sw
#CodeNewbies #100DaysOfCode #webdevelopment #WomenWhoCode #online https://t.co/rrzho3nXXq",134434122,2022-06-19T11:16:56.000Z,byLilyV
1538480844129685504,"We ensure professionalism in the work allocated:
‚úìCoursework  ......
‚úìSpring class
‚úìEssay due
‚úìPay Math
‚úìPay Paper
‚úìHomework
‚úìOnline Class
‚úìPay Assignment
‚úìStatistics
‚úìTerm Paper
‚úìAccounts
‚úìBiology
‚úìChemistry
#100DaysOfCode .
#Python
@GeniusEssayWri1",1483108258529357832,2022-06-19T11:16:31.000Z,GeniusEssayWri1
1538480835288088578,"Excellency is our top focus in;
#assignment due
#Biology.
Psychology
#onlineclasses
Research paper
science
Physics
#essayhelp
English
#essaypay
Maths
assignments
#100DaysOfCode
#Biochem
#Serverless
#Python
#Nursing
#essaywrite
#javascript
Philosophy

 @OnlineC94751286 https://t.co/qFrNjTCpUj",1525520317774548992,2022-06-19T11:16:29.000Z,OnlineC94751286
1538480609298767872,"Python Pandas
1. Create a Data Frame
2. Convert your data into CSV file
#100DaysOfCode #Python #programming #Coding https://t.co/qsoFi0hVf8",1458858920043171840,2022-06-19T11:15:35.000Z,Saransh1683
1538480470492688384,"What Will It Take to #Decolonize #ArtificialIntelligence?
https://t.co/jOAmGNSaKW

#cryptocurrencies #MachineLearning #AI #Python #DeepLearning #100DaysOfCode #fintech #nocode #bitcoin #cybersecurity #cybersecurite #metaverse #NFTs #cryptocrash https://t.co/iAAdbk4xWK",1273173749492219905,2022-06-19T11:15:02.000Z,VeilleCyber3
1538480470027026432,"The unrelenting threat of #ransomware is pushing #cybersecurity #workers to #quit 
https://t.co/g0L1mJUy8V

#cryptocurrencies #MachineLearning #AI #Python #DeepLearning #100DaysOfCode #fintech #nocode #bitcoin #cybersecurity #cybersecurite #metaverse #NFTs https://t.co/ThwfA6WSoQ",1273173749492219905,2022-06-19T11:15:02.000Z,VeilleCyber3
1538480318675668992,Machine Learning-Cloud native-Model Deployments #100Daysofcode #100daysofcodechallenge #100daysofcloud #100daysofhacking #data #DataAnalytics #dataScientist #Datavisualization #CyberSecurity #cybersecuritytips #CyberSecurityAwareness #Python #pythonprogramming #Ai #pythonlearning https://t.co/iq2hpZC7OB,1438668280810680321,2022-06-19T11:14:26.000Z,DemaiTech
1538479891112501249,"We ensure professionalism in the work allocated:
‚úìCoursework  
‚úìSpring class
‚úìEssay due
‚úìPay Math
‚úìPay Paper
‚úìHomework
‚úìOnline Class
‚úìPay Assignment
‚úìStatistics
‚úìTerm Paper
‚úìAccounting
‚úìBiology...
‚úìChemistry
#100DaysOfCode .
#Python
@GeniusEssayWri1",1483108258529357832,2022-06-19T11:12:44.000Z,GeniusEssayWri1
1538479444314161154,"Forget sentience‚Ä¶ the worry is that #AI copies human bias

https://t.co/c0ULSZ6UWO

@rautsan @NRaimundo @DioFavatas @rtehrani @benasmith @MHiesboeck @seanharper

#AI #BigData #Digital #Robot #Technology #Innovation #IoT
#Flutter #Coding #100DaysOfCode #Python #Javascript #NFT",243568454,2022-06-19T11:10:57.000Z,stratorob
1538479337950875648,"""I have never let my schooling interfere with my education.""- Mark Twain #softwareengineer #javascript #python #C++ #golang #nodejs #reactjs #stockopertor #highgrowthstocks $SPX $QQQ $RUT $VIX #canslim #100DaysOfCode",1243665419501744133,2022-06-19T11:10:32.000Z,glitchbotio
1538479198565765123,"#Crypto #Metaverse Crypto Lending Platform Babel Finance Pauses Withdrawals, Citing ‚ÄòLiquidity Pressures‚Äô - Decrypt https://t.co/flm4SRbQz8 #crypto #MachineLearning #AI #Python #DeepLearning #100DaysOfCode #fintech #bitcoin #cybersecurity #NFTs",738752276836306944,2022-06-19T11:09:59.000Z,PDH_SciTechNews
1538478861490573312,"Python or Js?
#MachineLearning #DataScience #Cybersecurity #BigData #Analytics #AI #IIoT #Python #RStats #TensorFlow #JavaScript #ReactJS #CloudComputing #Serverless #DataScientist #Linux #Programming #Coding #100DaysofCode #NodeJS #golang #NLP #IoT",1465541925918941184,2022-06-19T11:08:38.000Z,farazyaseen55
1538477743087661056,"We deliver unique work üéí   
 ü¶ë DM for value-based services  
 #essaywrite 
 #Essaypay 
 #Essay help 
 #python
 #homework 
 #100DaysOfCode
 #Onlineclass 
 #homework
 #Philosophy  
 #python 
 #100DaysOfCode 
 #Essaypay 
 üöó 
 üè• 

 https://t.co/MrEPSqHB5x",1343372118,2022-06-19T11:04:12.000Z,Asksteve2
1538477442284806144,"#Web3  #webdevelopment #100DaysOfCode 
#Python  #javascript #programming #development #HTML #PHP #SQL #mongodb #NodeJS #Angular #ReactJS #bootstrap #Java  #softwareengineer #AndroidDev https://t.co/y6iAe3E7Rq",3683091914,2022-06-19T11:03:00.000Z,JaxRolceroyer
1538477243743277057,@gp_pulipaka #FCFpay featuring  #Mathematics #ComputerScience  #BigData #Analytics #DataScience #AI #MachineLearning #IoT #IIoT #Python #RStats #TensorFlow #JavaScript #ReactJS #CloudComputing #Serverless #Linux #Books #Programming #Coding #100DaysofCode,1499771876280651778,2022-06-19T11:02:13.000Z,CryptoPayments2
1538477057583218689,"#FEATURED #COURSES

Machine Learning, Data Science and Deep Learning with Python

Complete hands-on #machine #learning tutorial with #data #science, #Tensorflow, #artificial #intelligence, and neural networks

https://t.co/PaHDf4fIL2

#python #100daysofcode #coding #udemy https://t.co/U7uoyW7zoS",134434122,2022-06-19T11:01:28.000Z,byLilyV
1538477051442765826,"Making sense of the #Metaverse

https://t.co/AXGwZ9EZvr

@KBendelak @NeiraOsci @LouisSerge @AskAaronLee @JackSintini

#Web3 #Technology #NFTCommunity #TechForGood
#VR #Fintech #Finserv #Cloud #Innovation #Flutter
#100DaysOfCode #Python #Marketing #IoT #Digital",243568454,2022-06-19T11:01:27.000Z,stratorob
1538476783430942723,"The Role of #Fintech, #Insurtech and #Edtech in #Mental #Healthcare
https://t.co/yQ9zugsCoN

#cryptocurrencies #MachineLearning #AI #Python #DeepLearning #100DaysOfCode #fintech #nocode #bitcoin #cybersecurity #cybersecurite #metaverse #NFTs https://t.co/5sakhWxTHW",1273173749492219905,2022-06-19T11:00:23.000Z,VeilleCyber3
1538476697909047297,"üíªImplementing AlexNet in TensorFlow 2.0üîé

üìëLearn more‚ñ∂Ô∏èhttps://t.co/JSoaIsatae

üß∑#ComputerVision #MachineLearning #AI #Python #IoT #IIoT #TensorFlow #DeepLearning #Robotics #100DaysOfCode #Tech https://t.co/hXLD2P5vJz https://t.co/AGAndxm5lY",1053709905960546305,2022-06-19T11:00:02.000Z,BojanaVukov
1538476697661542400,"üë®‚ÄçüíºLogistic Regression in #PyTorchüìâ

üìñRead moreüëâhttps://t.co/3Ugv6sfnEL

üß∑#TensorFlow #DeepLearning #ComputerVision #Tech #MachineLearning  #IoT  #Robotics #100DaysOfCode #AI #Python https://t.co/hQeaD0n0AH",1224066641513918466,2022-06-19T11:00:02.000Z,StrahinjaZivko7
1538476304076619777,The latest The Application software Daily! https://t.co/8tYKnUDewI Thanks to @chmod556 @danielmunoz #100daysofcode #python,991691213710528515,2022-06-19T10:58:29.000Z,AppsHome1
1538475311301799936,"#Need #urgent #Logo for your business? Please, order me here: https://t.co/Bm0PsKkRdm 
#TechForGood #Digital #AI #tech #innovation #IoT #DataScience #Flutter #100DaysOfCode #coding #TensorFlow #python #javascript #Metaverse #fintech @dauchae @TheRock https://t.co/C19pz6wk6x",1536670433525002240,2022-06-19T10:54:32.000Z,MUKTA92746036
1538474658957250567,"‚ö°Ô∏èWhat are the Main Soft #Skills You Need to Succeed?

v/@businessphrases 
#Leadership #innovation #development #Management #futureofwork #Tech #DataScience #BigData #Analytics #twitme #AI #digital #5G #Python #Flutter #Fintech #WomenInSTEM #JavaScript #Coding #bot #100DaysofCode https://t.co/AX0h6MGmRF",1403861754808049666,2022-06-19T10:51:56.000Z,Khulood_Almani
1538474291427164161,"""The more you feed your mind with positive thoughts, the more you can attract great things into your life.""- Roy T. Bennett #softwareengineer #javascript #python #C++ #golang #nodejs #reactjs #stockopertor #highgrowthstocks $SPX $QQQ $RUT $VIX #canslim #100DaysOfCode",1243665419501744133,2022-06-19T10:50:29.000Z,glitchbotio
1538474151404613632,"We ensure professionalism in the work allocated:
‚úìCoursework  
‚úìSpring class
‚úìEssay due
‚úìPay Math
‚úìPay Paper
‚úìHomework
‚úìOnline Class
‚úìPay Assignment
‚úìStatistics
‚úìTerm Paper
‚úìAccounting
‚úìBiology
‚úìChemistry
#100DaysOfCode .
#Python
DM us @HomeworkAssig13",1533456818957066240,2022-06-19T10:49:55.000Z,HomeworkAssig13
1538474071599591424,"We ensure professionalism in the work allocated:
‚úìCoursework  ......
‚úìSpring class
‚úìEssay due
‚úìPay Math
‚úìPay Paper
‚úìHomework
‚úìOnline Class
‚úìPay Assignment
‚úìStatistics
‚úìTerm Paper
‚úìAccounting
‚úìBiology
‚úìChemistry
#100DaysOfCode .
#Python..
DM",1533456818957066240,2022-06-19T10:49:36.000Z,HomeworkAssig13
1538474066943819776,"Is ‚Äòfake data‚Äô the real deal when training algorithms? - The Guardian

Read more here: https://t.co/P24h1VMqkl

#ArtificialIntelligence #AI #DataScience #100DaysOfCode #Python #MachineLearning #BigData #DeepLearning #NLP #Robots #IoT",467513287,2022-06-19T10:49:35.000Z,IainLJBrown
1538473945665527809,"We ensure professionalism in the work allocated:
‚úìCoursework  ......
‚úìSpring class
‚úìEssay due
‚úìPay Math
‚úìPay Paper
‚úìHomework
‚úìOnline Class
‚úìPay Assignment
‚úìStatistics
‚úìTerm Paper
‚úìAccounting
‚úìBiology
‚úìChemistry
#100DaysOfCode .
#Python..
DM us",1533456818957066240,2022-06-19T10:49:06.000Z,HomeworkAssig13
1538473866564993024,"Why Learning to Code is So Damn Hard CAN YOU UNDERSATND?
#MachineLearning #DataScience #Cybersecurity #BigData #Analytics #AI #IIoT #Python #RStats #TensorFlow #JavaScript #ReactJS #CloudComputing #Serverless #DataScientist #Linux #Programming #Coding #100DaysofCode #NodeJS https://t.co/uK8tAF0Nmi",1465541925918941184,2022-06-19T10:48:47.000Z,farazyaseen55
1538473799020163073,"@JeroenBartelse @CNET @SpirosMargaris @Paula_Piccard @mvollmer1 @Nicochan33 @Shi4Tech @PawlowskiMario @enricomolinari @FrRonconi @enilev @AkwyZ Awesome! Thank you for sharing and the mention, dear @JeroenBartelse
 
#EVs #SelfDrivingCars #autonomos #Smartcities #Smartcity #AI #VR #DataScience #BigData #IoT #tech #innovation #Python #digital #javascript #coding #Flutter #100DaysOfCode",1403861754808049666,2022-06-19T10:48:31.000Z,Khulood_Almani
1538473577678311425,"@labordeolivier @gigadgets_ @MariosKaratzias @sebbourguignon @enilev @AshokNellikar @baski_LA @CurieuxExplorer @JeroenBartelse @FrRonconi @NevilleGaunt @MargaretSiegien @PawlowskiMario Amazing üëç Thanks Olivier @labordeolivier for this wonderful share &amp; mention 

#AI  #Robots #Robot #Digital #tech #technology #innovation #IoT #Data #DataScience #BigData #Flutter #100DaysOfCode #coding #python #javascript #Linux #MachineLearning",1403861754808049666,2022-06-19T10:47:39.000Z,Khulood_Almani
1538473424955269121,"We deliver unique work üëî   
 üê¢ DM for value-based services  
 #Philosophy  
 #javascript 
 #Essay help 
 #homework
 #Homework  
 #Onlineclass
 #python 
 #Case study
 #essaywrite 
 #100DaysOfCode 
 #Math 
 #Essaypay 
 üåé 
 ‚òÑÔ∏è",1533456818957066240,2022-06-19T10:47:02.000Z,HomeworkAssig13
1538473239474757633,"We ensure professionalism in the work allocated:
‚úìCoursework  ......
‚úìSpring class
‚úìEssay due
‚úìPay Math
‚úìPay Paper
‚úìHomework
‚úìOnline Class
‚úìPay Assignment
‚úìStatistics
‚úìTerm Paper
‚úìAccounts
‚úìBiology
‚úìChemistry
#100DaysOfCode .
#Python
Email",1533456818957066240,2022-06-19T10:46:18.000Z,HomeworkAssig13
1538472882233393152,"100 Days of Code: The Complete #Python Pro #Bootcamp for 2022

Master #Python by building 100 projects in 100 days. Learn data science, automation, build websites, games and apps!

https://t.co/2rhmVBeKQ1

#udemy #online #courses #onlinecourses #100daysofcode #womenwhocode https://t.co/R8BtljF7QB",134434122,2022-06-19T10:44:53.000Z,byLilyV
1538472417164918785,"CAN YOU UNDERSATND?
#MachineLearning #DataScience #Cybersecurity #BigData #Analytics #AI #IIoT #Python #RStats #TensorFlow #JavaScript #ReactJS #CloudComputing #Serverless #DataScientist #Linux #Programming #Coding #100DaysofCode #NodeJS #golang #NLP #IoT https://t.co/hnLSccURu9",1465541925918941184,2022-06-19T10:43:02.000Z,farazyaseen55
1538472376597372930,configuroweb: No. 2460 programming meme #programmingjoke #code #coding #javascript #python #datascience #programming #programmer #joke #100daysofcode #webdev #webdevelopment #php #java #linux #css #programmingmemes #codinglife #codingpics #programmingjokes ‚Ä¶,1376508061746143243,2022-06-19T10:42:52.000Z,Jimmy17088546
1538472266379497474,"#essaywrite
Hey do you have un urgent task that you need handled? worry no more I have you covered with the best ghostwriting services at extremely affordable price

 #Essay help 
 #homework
 #Homework  
 #Onlineclass
 #python 
 #Case study
 #essaywrite 
 #100DaysOfCode",1464502698636632067,2022-06-19T10:42:26.000Z,smartgoodwork
1538472035273297921,"@JeroenBartelse @XHscitech @SpirosMargaris @mvollmer1 @Nicochan33 @Shi4Tech @PawlowskiMario @FrRonconi @Analytics_699 @guidaautonoma @labordeolivier Thank you for sharing and the mention, dear @JeroenBartelse 

#EVs #SelfDrivingCars #autonomos #Smartcities #Smartcity #AI #VR #DataScience #BigData #IoT #tech #innovation #Python #digital #javascript #coding #Flutter #100DaysOfCode",1403861754808049666,2022-06-19T10:41:31.000Z,Khulood_Almani
1538471960648089605,Day 46/#100DaysOfCode. Learning reading and writing files. Times to save those code. #Python,1511584671464714240,2022-06-19T10:41:13.000Z,ayuninotayutu
1538471878108520448,"If you like analogies like this ¬£5 note one‚Ä¶

‚Ä¶you may also like this one which goes through what happens behind the scenes when a Python program runs:

https://t.co/xoTEI8oxsd

#python
#100daysofcode",1189486901608235008,2022-06-19T10:40:53.000Z,s_gruppetta_ct
1538471739390304257,"""The measure of who we are is what we do with what we have.""- Vince Lombardi #softwareengineer #javascript #python #C++ #golang #nodejs #reactjs #stockopertor #highgrowthstocks $SPX $QQQ $RUT $VIX #canslim #100DaysOfCode",1243665419501744133,2022-06-19T10:40:20.000Z,glitchbotio
1538471693005598725,"Python Question;
&gt;&gt;a = [1, 0, 2, 0, 5]
Write a code that moves all the Zeros(0) to the end of the list a.  Your code should maintain the order of the other numbers in the list. Your output should be;
&gt;&gt;[1,2,5, 0, 0]
 #Cybersecurity #Linux #Programming #Coding #100DaysofCode",1465541925918941184,2022-06-19T10:40:09.000Z,farazyaseen55
1538471292873355264,"Python Programming: An Introduction to Computer Science, 3rd Ed

Link - https://t.co/4HuR2AXgs6

#Python #100DaysOfCode #CodeNewbies #DEVCommunity #DevOps #Coding #DataAnalytics #DataScience #MachineLearning #AI #SoftwareEngineering #programming",3068484222,2022-06-19T10:38:34.000Z,rasangarocks
1538471114631958529,ÊÇ™È≠î„ÅÆÊäïË≥áÊñ∞ËÅû Á¥ô„ÅåÊõ¥Êñ∞„Åï„Çå„Åæ„Åó„ÅüÔºÅ https://t.co/VlNw0N2jVj promotion.twitter.mentions_prefix @bot0374401890 @2Bftawfik #python #100daysofcode,871979660,2022-06-19T10:37:51.000Z,devil_invest
1538470397943119873,"Somethings ‚òπ‚òπ‚òπ‚òπ‚òπ
#MachineLearning #DataScience #Cybersecurity #BigData #Analytics #AI #IIoT #Python #RStats #TensorFlow #JavaScript #ReactJS #CloudComputing #Serverless #DataScientist #Linux #Programming #Coding #100DaysofCode #NodeJS #golang #NLP https://t.co/p2xccbeKSl",1465541925918941184,2022-06-19T10:35:00.000Z,farazyaseen55
1538469791433904130,"Huhhhhhhhhhhhh! I hate JS...
#MachineLearning #DataScience #Cybersecurity #BigData #Analytics #AI #IIoT #Python #RStats #TensorFlow #JavaScript #ReactJS #CloudComputing #Serverless #DataScientist #Linux #Programming #Coding #100DaysofCode #NodeJS #golang #NLP",1465541925918941184,2022-06-19T10:32:36.000Z,farazyaseen55
1538469356707155973,"Check out my Gig on Fiverr: I will do 3 modern creative minimalist logo design https://t.co/focwe8q2bg 
#logo #design #Mufc #HJPatel #blogger #PyTorch #machinelearning #DataScience #Python #TensorFlow #JavaScript #ReactJS #Flutter #CloudComputing  #WomenWhoCode #100DaysOfCode",1519045274651754496,2022-06-19T10:30:52.000Z,JonyMah78
1538469108752257025,"Hmm, nice ‚òπ 
#MachineLearning #DataScience #Cybersecurity #BigData #Analytics #AI #IIoT #Python #RStats #TensorFlow #JavaScript #ReactJS #CloudComputing #Serverless #DataScientist #Linux #Programming #Coding #100DaysofCode #NodeJS #golang #NLP https://t.co/4ESaW8Jo33",1465541925918941184,2022-06-19T10:29:53.000Z,farazyaseen55
1538468641078771712,"@elonmusk SD Card/Data Recovery:
Retrieve your deleted videos, audios and photos very easily
#programming #coding #women #100DaysOfCode #javascript #Python #WomenWhoCode #Futter¬†¬† #opensource #datasecurity #cybersecurity #MachineLearning #SQL
App Link Below:
https://t.co/PUhSNIl6cu",1326439337744011264,2022-06-19T10:28:02.000Z,ThatSmile9
1538468123455762434,"Never write error messages tired 
#MachineLearning #DataScience #Cybersecurity #BigData #Analytics #AI #IIoT #Python #RStats #TensorFlow #JavaScript #ReactJS #CloudComputing #Serverless #DataScientist #Linux #Programming #Coding #100DaysofCode #NodeJS #golang https://t.co/KomGue5A6c",1465541925918941184,2022-06-19T10:25:58.000Z,farazyaseen55
1538468091193176066,#Metaverse Meta Avatars Store Coming 'Soon' To VR - UploadVR https://t.co/v0KmAZ6TJv #Facebook #innovation #crypto #MachineLearning #AI #Python #DeepLearning #100DaysOfCode #fintech #bitcoin #cybersecurity #NFTs,738752276836306944,2022-06-19T10:25:50.000Z,PDH_SciTechNews
1538468088068423681,#Metaverse AOR ETF: Fairly Valued; Not Diversified Amidst Global Inflationary Pressures - Seeking Alpha https://t.co/EyPbhiKPai #Facebook #innovation #crypto #MachineLearning #AI #Python #DeepLearning #100DaysOfCode #fintech #bitcoin #cybersecurity #NFTs,738752276836306944,2022-06-19T10:25:50.000Z,PDH_SciTechNews
1538468085467955200,#Metaverse All In On adidas (OTCMKTS:ADDDF) - Seeking Alpha https://t.co/3m1JRXzzmM #Facebook #innovation #crypto #MachineLearning #AI #Python #DeepLearning #100DaysOfCode #fintech #bitcoin #cybersecurity #NFTs,738752276836306944,2022-06-19T10:25:49.000Z,PDH_SciTechNews
1538467190827012096,"Hey do you have un urgent task that you need handled? worry no more I have you covered with the best ghostwriting services at extremely affordable price.

@TutorMelina

#100Daysofcode #javascript #programming #dev #linux #java #programming #CodeNewbie #python #reactjs #bugbounty",1537302908609388545,2022-06-19T10:22:16.000Z,TutorMelina
1538466881937756160,"Day 16 of #100DaysOfCode in #Python üêç

Today I am exploring seaborn.

Thanks for all the support üòä, Twitter Tech community is really amazing. Now my break is over.",1083993893786374144,2022-06-19T10:21:02.000Z,Param3021
